subject_id,bedtime_mssd,TST,midpoint_sleep,cum_gpa,term_gpa,frac_nights_with_data,cohort
PID043,0.0411412132296906,394.8928571428572,362.71428571428567,3.6999995,3.866666,1.0,uw1
PID026,0.14104444444444444,467.1875,392.5,2.916666,1.7,0.5714285714285714,uw1
PID102,0.6073044049967127,497.3571428571428,507.9285714285714,2.6034479310344825,3.9,0.5,uw1
PID158,0.2545257777777778,364.8846153846154,326.92307692307685,3.090624375,2.9,0.9285714285714286,uw1
PID031,0.08334730440499671,459.48148148148147,281.1481481481481,4.0,4.0,0.9642857142857144,uw1
PID143,0.042815481686672825,449.2,381.0,3.986842105263158,3.916666,0.7142857142857143,uw1
PID103,0.12957571938668347,383.66666666666674,327.125,3.9137923448275864,4.0,0.8571428571428571,uw1
PID117,1.282576207895138,390.46428571428567,366.19642857142856,3.351724137931034,2.690909,1.0,uw1
PID108,0.04704888888888888,498.92307692307685,452.9423076923077,3.249999678571428,3.076923,0.9285714285714286,uw1
PID069,1.7592102846648303,328.1666666666667,430.875,2.939285285714285,1.7,0.42857142857142855,uw1
PID058,0.060625,511.2592592592592,320.462962962963,3.583333,3.55,0.9642857142857144,uw1
PID174,0.20330355555555554,404.96153846153845,571.25,2.3103444137931035,3.376923,0.9285714285714286,uw1
PID086,0.08724317939338515,394.3928571428572,324.125,3.4875000000000003,3.646666,1.0,uw1
PID122,0.4749725651577503,482.6,416.3,3.3260866521739127,3.0333330000000003,0.35714285714285715,uw1
PID051,1.7426530612244902,362.125,508.5,3.7575751818181815,3.833333,0.2857142857142857,uw1
PID125,0.8007324444444445,367.8846153846154,499.6538461538461,3.2793101034482763,3.766666,0.9285714285714286,uw1
PID050,0.07729289940828403,412.5555555555555,323.7962962962963,3.5999996190476184,3.435714,0.9642857142857144,uw1
PID088,0.7864853333333333,436.3846153846154,394.07692307692315,3.5407403703703704,3.233333,0.9285714285714286,uw1
PID197,0.31761196145124715,404.0,430.36666666666673,2.983333,2.933333,0.5357142857142857,uw1
PID039,0.054357948483462884,371.1071428571428,493.07142857142856,3.4666661818181823,3.608333,1.0,uw1
PID067,0.1048586456278764,402.5925925925926,342.3333333333333,3.9129025161290327,3.85,0.9642857142857144,uw1
PID179,0.05070606614845298,430.46428571428567,296.44642857142856,4.0,3.966666000000001,1.0,uw1
PID092,0.15547744246303916,485.71428571428567,314.2857142857143,3.077418967741936,3.230769,1.0,uw1
PID163,0.8941806377383299,474.9259259259259,445.48148148148147,3.896774032258064,4.0,0.9642857142857144,uw1
PID046,0.4576333333333333,328.88461538461536,497.32692307692315,3.651515121212121,3.344444,0.9285714285714286,uw1
PID124,0.6438031550068587,418.7,368.9,3.1111107777777787,3.2,0.35714285714285715,uw1
PID171,0.15244984567901235,460.5384615384616,335.1923076923077,3.316666,3.233333,0.4642857142857143,uw1
PID001,0.3211829668209876,445.24,425.78,3.1962958148148144,3.9,0.8928571428571429,uw1
PID091,0.10867588782197836,369.53571428571433,358.42857142857144,3.8187495625,3.752941,1.0,uw1
PID082,0.0242173449169334,398.5,343.83928571428567,3.7965511034482766,3.666666,1.0,uw1
PID166,0.17224889498552048,432.57142857142856,333.39285714285717,3.8928563571428567,3.833333,1.0,uw1
PID073,0.17558823529411766,418.16666666666674,325.25,4.0,3.972727,0.6428571428571429,uw1
PID157,0.17257925621094347,361.82142857142856,471.25,3.458620068965517,3.55,1.0,uw1
PID194,0.6561651234567901,485.8571428571428,425.1428571428572,3.5299995000000006,3.733333,0.25,uw1
PID209,0.09107186404511508,439.71428571428567,280.125,3.608695434782609,3.73125,1.0,uw1
PID145,0.16838088888888889,423.6923076923077,490.67307692307685,3.239130434782609,3.633333,0.9285714285714286,uw1
PID128,7.4778909465020575,412.3,283.05,3.8666665,3.966666000000001,0.35714285714285715,uw1
PID176,0.2150957429322814,374.88888888888886,419.2962962962963,2.249999461538462,2.870588,0.9642857142857144,uw1
PID080,0.051161242603550296,430.03703703703695,436.7407407407408,3.65,3.5277769999999995,0.9642857142857144,uw1
PID206,0.057496301775147925,351.48148148148147,376.3148148148149,3.681818,3.95,0.9642857142857144,uw1
PID106,2.0271277777777783,291.45454545454544,605.8636363636364,3.45999992,3.566666000000001,0.3928571428571429,uw1
PID020,0.11252895900015243,274.17857142857144,315.60714285714283,2.8827582068965514,2.75,1.0,uw1
PID167,0.5900723299476762,399.35,425.075,3.72,3.566666000000001,0.7142857142857143,uw1
PID126,0.2522844328703704,408.48,320.44,3.8799998,3.961538,0.8928571428571429,uw1
PID104,0.27233422222222226,405.8461538461538,334.96153846153845,3.5249996,3.4,0.9285714285714286,uw1
PID178,1.836083984375,329.4117647058824,600.0294117647059,3.269999433333333,2.894444,0.6071428571428571,uw1
PID196,0.14283982577251808,414.2962962962963,380.72222222222223,3.58749975,3.65,0.9642857142857144,uw1
PID170,0.004505029721079104,487.07142857142856,282.48214285714283,3.7999995,3.766666,1.0,uw1
PID062,3.3600422020660115,422.27272727272725,640.2272727272727,3.7799996,3.266666,0.7857142857142857,uw1
PID048,0.031665844838921764,329.037037037037,389.22222222222223,3.627272545454545,3.5,0.9642857142857144,uw1
PID111,0.5476627604166666,454.7058823529412,450.2058823529412,3.279999800000001,3.5,0.6071428571428571,uw1
PID160,0.08628826530612245,455.6,437.73333333333335,3.7090908181818185,3.442857,0.5357142857142857,uw1
PID068,0.03833028501752782,430.1428571428572,317.75,3.5285714285714285,3.653846,1.0,uw1
PID109,0.10690755555555556,371.07692307692315,330.96153846153845,3.315151181818182,3.721428,0.9285714285714286,uw1
PID049,11.4802947845805,400.25,536.6875,3.3965512413793104,3.563636,0.2857142857142857,uw1
PID010,0.17741180555555555,361.80952380952385,289.90476190476187,3.9230765,4.0,0.75,uw1
PID191,0.5100522024081695,388.96428571428567,384.32142857142856,3.299999586206897,3.4,1.0,uw1
PID181,1.4326826388888894,368.66666666666674,537.6666666666666,2.8999996,3.266666,0.75,uw1
PID154,0.08366174768518518,402.28,404.64,3.3499995000000005,3.76923,0.8928571428571429,uw1
PID099,0.12926355555555555,400.0384615384616,385.3846153846154,3.5906243125,3.3666660000000004,0.9285714285714286,uw1
PID022,0.12867822222222222,494.3846153846154,305.17307692307685,3.15185137037037,3.1,0.9285714285714286,uw1
PID002,0.4222444444444444,587.6666666666666,380.33333333333326,3.3214280357142862,3.833333,0.21428571428571427,uw1
PID199,0.1539606953892668,437.1363636363636,318.3863636363636,3.08,3.633333,0.7857142857142857,uw1
PID169,0.028515470202713007,471.32142857142856,303.80357142857144,3.54374946875,3.517647,1.0,uw1
PID076,0.044577991452991454,434.33333333333326,351.6296296296296,3.6862065517241382,3.335714,0.9642857142857144,uw1
PID138,1.4946778549382718,386.07692307692315,540.0769230769231,3.7730765,3.866666,0.4642857142857143,uw1
PID144,0.14154854442920287,335.17857142857144,365.32142857142856,3.3559998399999995,2.871428,1.0,uw1
PID136,0.04995122694711172,458.0,363.46428571428567,3.7,3.933333,1.0,uw1
PID118,0.18648760330578512,387.0434782608696,298.9782608695652,3.4399998500000004,3.5,0.8214285714285714,uw1
PID087,0.07457590306355738,408.75,297.39285714285717,3.7499996428571434,3.875,1.0,uw1
PID149,0.11319882639841487,369.28571428571433,329.5357142857143,2.7,3.0,1.0,uw1
PID193,0.18381780078895466,374.4444444444445,381.4259259259259,3.910714142857143,3.8,0.9642857142857144,uw1
PID201,0.138447265625,391.35294117647067,396.6176470588235,2.7384611538461536,2.35,0.6071428571428571,uw1
PID054,1.4693145833333332,399.5238095238095,573.5714285714286,3.082757931034483,2.477777,0.75,uw1
PID019,0.09267431972789117,411.26666666666665,349.53333333333336,3.265517103448276,3.1,0.5357142857142857,uw1
PID008,0.5530169753086419,456.72,364.8,3.5999996000000003,3.127777,0.8928571428571429,uw1
PID116,0.942780612244898,423.4666666666666,320.93333333333334,3.675,3.538461,0.5357142857142857,uw1
PID153,0.054510364273738766,393.1071428571428,319.625,3.579999833333333,3.966666000000001,1.0,uw1
PID006,0.13819822222222222,406.8846153846154,358.8653846153846,3.426666266666666,3.476923,0.9285714285714286,uw1
PID034,0.20659297052154196,389.0,300.46666666666664,3.7407404814814815,3.478571,0.5357142857142857,uw1
PID159,0.4674786324786325,287.85714285714283,456.4285714285714,3.4214282857142857,2.91875,0.5,uw1
PID098,0.8892062947721384,407.32142857142856,558.7142857142857,3.370967741935484,3.966666000000001,1.0,uw1
PID175,0.10102728242645938,413.6785714285714,376.91071428571433,3.7499995,3.744444,1.0,uw1
PID130,0.04155807041609511,511.6071428571428,264.4642857142857,3.916666,3.9,1.0,uw1
PID030,0.6026232741617357,438.7037037037037,405.5555555555555,3.33571375,3.933333,0.9642857142857144,uw1
PID061,0.04536865569272976,477.89473684210526,331.3157894736842,3.8681817727272727,3.65,0.6785714285714286,uw1
PID115,12.928422222222224,380.16666666666674,724.6666666666665,3.4156245000000003,3.233333,0.21428571428571427,uw1
PID074,0.08083662064431295,432.18518518518516,478.0925925925926,3.6999995,3.623076,0.9642857142857144,uw1
PID032,0.06215096784026825,405.21428571428567,363.25,3.17999955,3.5,1.0,uw1
PID042,0.0957975156226185,425.46428571428567,334.05357142857144,3.799999863636364,3.95,1.0,uw1
PID195,1.2341553287981861,404.375,327.1875,2.6086952173913045,2.866666,0.2857142857142857,uw1
PID120,0.05855814662399025,408.0,400.57142857142856,2.611110666666667,3.464285,1.0,uw1
PID202,20.849224965706448,393.5,647.75,3.886206586206897,3.866666,0.35714285714285715,uw1
PID205,0.0729733727810651,475.2962962962963,307.22222222222223,3.7999995,3.766666,0.9642857142857144,uw1
PID084,0.23578074988568815,377.53571428571433,423.5178571428572,3.7839995600000007,3.753846,1.0,uw1
PID127,0.18422444444444444,359.23076923076917,345.73076923076917,3.621739,3.592307,0.9285714285714286,uw1
PID075,0.07989864349946654,487.46428571428567,305.94642857142856,3.82,3.66923,1.0,uw1
PID037,0.048181298582533165,434.0,343.32142857142856,3.6999995,3.192857,1.0,uw1
PID013,1.1184153163580246,404.8,406.08,3.5928564642857146,3.5333330000000003,0.8928571428571429,uw1
PID044,0.3970484141986978,469.5,473.89583333333326,3.1264705294117654,2.728571,0.8571428571428571,uw1
PID015,0.06490397805212621,493.57142857142856,260.2142857142857,3.746153846153846,3.9,1.0,uw1
PID186,0.12916838134430728,419.4736842105263,373.26315789473676,3.9258061290322575,3.888888,0.6785714285714286,uw1
PID038,0.14770929516774392,433.25,417.525,3.8833330000000004,3.9,0.7142857142857143,uw1
PID183,0.4664395555555556,353.65384615384613,476.26923076923083,3.8806451612903214,4.0,0.9285714285714286,uw1
PID113,0.13194825483920133,355.82142857142856,409.28571428571433,3.3799998,3.5,1.0,uw1
PID180,0.07332222222222222,447.8846153846154,315.09615384615387,2.63793051724138,3.483333,0.9285714285714286,uw1
PID014,0.04482815119646395,518.5714285714286,342.9107142857143,3.5333330000000003,3.9,1.0,uw1
PID060,0.21072168876695627,388.1785714285714,372.8571428571428,3.6291663333333335,3.4666660000000005,1.0,uw1
PID045,0.12703484549638394,348.96296296296305,330.7962962962963,3.96,3.766666,0.9642857142857144,uw1
PID137,0.23569238987508215,392.85185185185196,390.4444444444445,3.659999800000001,3.5333330000000003,0.9642857142857144,uw1
PID078,0.061395463510848125,408.5555555555555,397.16666666666674,3.499999666666666,3.4666660000000005,0.9642857142857144,uw1
PID110,0.20028932997269486,397.125,487.58333333333326,3.33749975,3.538461,0.8571428571428571,uw1
PID023,0.06874104557232129,444.8928571428572,314.6607142857143,2.915384,2.933333,1.0,uw1
PID012,0.09963085486242386,370.5,390.20833333333326,3.555172068965517,3.56923,0.8571428571428571,uw1
PID150,1.2089147153351698,368.0434782608696,382.63043478260875,2.8999996,3.15,0.8214285714285714,uw1
PID095,0.07627333333333333,496.8461538461538,300.01923076923083,3.9041665,3.9,0.9285714285714286,uw1
PID141,0.14299913194444444,451.84,316.18,3.3333325555555557,2.5333330000000003,0.8928571428571429,uw1
PID155,0.09891022709952753,406.71428571428567,398.9285714285714,3.9137928620689655,3.952941000000001,1.0,uw1
PID188,0.06948140527358634,435.1785714285714,319.7857142857143,3.645454393939394,3.83125,1.0,uw1
PID033,0.11014365188233502,396.5,410.7678571428572,2.566666,2.992307,1.0,uw1
PID057,0.05945074564167192,438.75,370.5625,3.2,3.038461,0.8571428571428571,uw1
PID146,0.3245233399079553,392.51851851851853,359.1296296296296,3.955172,3.964285,0.9642857142857144,uw1
PID047,0.12694025301021186,337.39285714285717,437.75,3.866666500000001,3.566666000000001,1.0,uw1
PID035,0.30746951684194485,441.03571428571433,345.0,3.5322579032258066,3.6,1.0,uw1
PID055,2.1725147928994084,255.3703703703704,560.9814814814815,3.3464281785714283,2.5,0.9642857142857144,uw1
PID156,1.5522858558146626,346.71428571428567,435.2678571428572,3.60937496875,3.441176,1.0,uw1
PID140,0.07059594573997867,441.9285714285714,373.53571428571433,3.8033330000000003,3.944444,1.0,uw1
PID028,0.0692687852461515,439.21428571428567,326.69642857142856,3.744827034482759,3.838461,1.0,uw1
PID004,0.11731555555555555,447.5,372.3461538461538,3.7666665,3.5,0.9285714285714286,uw1
PID090,0.06746597222222223,422.66666666666674,285.54761904761904,3.4344820689655173,3.483333,0.75,uw1
PID089,0.2005823356437723,398.91666666666674,340.4166666666667,3.375,2.26923,0.8571428571428571,uw1
PID198,1.333217401285583,435.4347826086956,433.9782608695652,3.1999995,2.9,0.8214285714285714,uw1
PID064,0.43957217605417054,442.0,404.05,3.8166665,3.933333,0.7142857142857143,uw1
PID165,0.2523456790123457,436.36,355.94,3.7258061290322586,3.733333,0.8928571428571429,uw1
PID132,0.08912627648224357,430.4285714285714,319.64285714285717,2.331817363636364,3.446153,1.0,uw1
PID097,0.06210798816568047,389.7407407407408,355.7407407407408,3.6931029310344825,3.5333330000000003,0.9642857142857144,uw1
PID093,5.344766666666667,485.16666666666674,497.0,3.856521391304348,3.95,0.21428571428571427,uw1
PID024,0.062415790275872574,382.1785714285714,477.28571428571433,3.4518515555555562,3.8,1.0,uw1
PID184,0.6090900777320529,388.78571428571433,367.3571428571428,3.8799996,3.666666,1.0,uw1
PID172,0.07542933333333332,407.1538461538461,387.26923076923083,3.727272272727273,3.6,0.9285714285714286,uw1
PID391,0.053640285996055234,401.03703703703695,340.7407407407408,3.788181818181818,3.91,0.9642857142857144,uw2
PID454,0.15792866941015088,365.0,374.25,3.25,3.27,1.0,uw2
PID549,0.1747965976331361,403.4444444444445,337.4074074074074,3.324347826086957,3.46,0.9642857142857144,uw2
PID538,0.03242112482853224,402.96428571428567,294.80357142857144,3.552758620689655,3.27,1.0,uw2
PID442,0.023350099070263683,387.46428571428567,338.23214285714283,3.6734482758620692,4.0,1.0,uw2
PID471,0.0800245949074074,402.6,384.86,3.800454545454545,3.25,0.8928571428571429,uw2
PID433,0.11456713915561652,438.8928571428572,379.1785714285714,3.5344444444444445,3.72,1.0,uw2
PID376,0.04473136716963877,363.28571428571433,341.39285714285717,3.267272727272728,3.84,1.0,uw2
PID348,0.11720545648529188,456.0,247.07142857142856,3.078888888888889,3.35,1.0,uw2
PID547,0.101952,369.26923076923083,322.32692307692315,3.1392592592592585,3.14,0.9285714285714286,uw2
PID386,0.07230709876543209,372.28571428571433,372.28571428571433,3.9174193548387097,4.0,0.25,uw2
PID347,0.07504762993446121,418.53571428571433,327.35714285714283,3.8168965517241378,3.67,1.0,uw2
PID378,0.05261957593688363,456.0,307.1296296296296,3.88,3.78,0.9642857142857144,uw2
PID354,0.12517463839579224,371.22222222222223,294.1851851851852,3.823235294117648,3.95,0.9642857142857144,uw2
PID340,0.07507777777777777,478.16666666666674,369.41666666666674,2.865,3.51,0.21428571428571427,uw2
PID509,0.14813290656912054,349.57142857142856,354.875,3.635,3.83,1.0,uw2
PID339,0.05199868507560815,485.1481481481482,330.1481481481481,3.702,3.79,0.9642857142857144,uw2
PID415,0.10286998933089468,360.75,374.96428571428567,2.2063636363636365,2.54,1.0,uw2
PID406,0.16291609510745314,395.3571428571428,373.9821428571428,3.7,3.32,1.0,uw2
PID373,0.0610137245233399,409.48148148148147,308.4444444444445,3.155454545454545,3.41,0.9642857142857144,uw2
PID405,0.11600403901844232,388.8928571428572,345.0,3.240625,3.59,1.0,uw2
PID496,0.02180440135426285,507.1,322.1,3.7075,3.1,0.7142857142857143,uw2
PID511,0.2042805555555556,410.57142857142856,400.59523809523813,3.8625925925925917,3.8,0.75,uw2
PID534,0.0690911111111111,393.42307692307685,364.1923076923077,3.0527272727272727,3.0,0.9285714285714286,uw2
PID481,0.18982091144642585,425.78571428571433,350.58928571428567,3.735,3.4,1.0,uw2
PID366,0.0834278155706727,486.6363636363636,328.3863636363636,3.0975,3.3,0.7857142857142857,uw2
PID546,0.05587866666666667,414.6153846153846,348.5576923076923,3.6706896551724135,3.62,0.9285714285714286,uw2
PID526,0.01954427678707514,409.75,407.5178571428572,3.26,3.52,1.0,uw2
PID440,0.017128486511202558,438.46428571428567,313.67857142857144,3.818,3.63,1.0,uw2
PID328,0.12379172382258803,349.57142857142856,346.1071428571428,3.8359090909090914,3.85,1.0,uw2
PID500,0.19974681712962966,447.56,400.04,3.4136,3.47,0.8928571428571429,uw2
PID472,0.1362341868617589,404.3928571428572,332.125,2.99625,1.8,1.0,uw2
PID490,0.1118571864045115,459.6071428571428,352.67857142857144,2.998,3.4,1.0,uw2
PID365,0.5065660722450845,387.9285714285714,456.5,2.9471428571428566,3.33,1.0,uw2
PID355,0.01847774729461972,323.42857142857144,340.625,3.57,3.63,1.0,uw2
PID388,0.0360966316110349,402.32142857142856,356.2678571428572,3.7586206896551726,3.43,1.0,uw2
PID369,0.039382807363576584,437.18518518518516,347.6481481481481,3.803333333333333,3.76,0.9642857142857144,uw2
PID559,0.09362901996646852,399.1071428571428,446.2321428571428,3.680625,3.17,1.0,uw2
PID456,0.03909083981100442,466.96428571428567,312.48214285714283,3.925454545454545,4.0,1.0,uw2
PID470,0.6326014109347442,405.2272727272728,392.34090909090907,2.9855,1.55,0.7857142857142857,uw2
PID506,0.5716087278106509,352.81481481481484,419.33333333333326,3.657272727272728,3.3,0.9642857142857144,uw2
PID443,0.03969974089315653,383.71428571428567,383.41071428571433,2.9613636363636364,3.45,1.0,uw2
PID505,0.106986739826246,461.07142857142856,296.625,4.0,4.0,1.0,uw2
PID351,0.07112901996646853,432.9285714285714,415.69642857142856,3.405,3.04,1.0,uw2
PID485,0.29943142361111114,367.4444444444445,344.11111111111114,2.9,3.0,0.32142857142857145,uw2
PID448,0.5771906666666667,417.8846153846154,514.0,4.0,3.97,0.9285714285714286,uw2
PID360,1.1736762688614542,349.3928571428572,423.46428571428567,2.98,3.07,1.0,uw2
PID541,0.3584320225575369,382.75,504.28571428571433,3.1544827586206887,3.28,1.0,uw2
PID550,0.12333638164913885,399.1071428571428,366.6785714285714,3.553214285714286,3.54,1.0,uw2
PID432,1.1222518080210389,371.57142857142856,442.0,3.2525,3.93,0.5,uw2
PID489,0.057797090729783035,466.2592592592592,327.0555555555556,3.46,3.37,0.9642857142857144,uw2
PID323,0.4758144297416509,406.45833333333326,464.83333333333326,2.958275862068965,2.8,0.8571428571428571,uw2
PID424,0.09644833104709648,480.6071428571428,327.4642857142857,3.140833333333333,2.8,1.0,uw2
PID524,0.150336457857034,391.8928571428572,375.8035714285714,3.875555555555556,3.87,1.0,uw2
PID380,0.1857208888888889,412.76923076923083,322.13461538461536,3.259655172413793,3.23,0.9285714285714286,uw2
PID392,0.05193377533912513,359.3928571428572,395.44642857142856,3.720645161290322,3.77,1.0,uw2
PID491,0.3415333333333333,337.5,447.96875,3.4087500000000004,3.11,0.5714285714285714,uw2
PID525,0.6333937376725838,335.25925925925924,528.3333333333334,1.5876923076923075,0.35,0.9642857142857144,uw2
PID304,0.3702006944444445,362.28571428571433,319.59523809523813,2.9484000000000004,2.64,0.75,uw2
PID394,0.0712665752171925,462.4285714285714,299.82142857142856,3.71,3.45,1.0,uw2
PID561,0.16862133333333335,445.26923076923083,382.5576923076923,3.5353125,2.97,0.9285714285714286,uw2
PID521,0.1724692212988612,386.2,337.9,3.4560000000000004,3.15,0.7142857142857143,uw2
PID352,0.1108371913580247,402.12,544.1,3.688928571428572,3.89,0.8928571428571429,uw2
PID503,0.13315212031558185,402.9259259259259,305.4814814814815,3.4922580645161285,2.94,0.9642857142857144,uw2
PID523,0.22167162017985065,392.78571428571433,285.73214285714283,3.385,2.77,1.0,uw2
PID466,0.03017756439567139,385.03571428571433,314.7857142857143,3.8020833333333335,3.85,1.0,uw2
PID434,0.40726996527777776,438.0,402.16666666666674,3.563214285714285,4.0,0.32142857142857145,uw2
PID331,0.016025596877869606,414.39130434782606,385.9782608695652,3.05,3.25,0.8214285714285714,uw2
PID510,0.037504409171075836,368.2272727272728,351.40909090909093,2.8300000000000005,2.67,0.7857142857142857,uw2
PID335,0.07566796220088401,357.21428571428567,412.2321428571428,2.8222222222222224,2.68,1.0,uw2
PID399,0.05338675213675214,433.11111111111114,460.8703703703704,3.730625,3.95,0.9642857142857144,uw2
PID445,0.05351280292638317,397.25,360.3571428571428,3.3481818181818186,3.71,1.0,uw2
PID407,0.1871723090277778,428.8823529411765,404.14705882352933,3.6658620689655175,3.7,0.6071428571428571,uw2
PID404,0.8479380341880342,336.3703703703704,434.66666666666674,2.5389473684210517,1.96,0.9642857142857144,uw2
PID571,0.12857644444444444,435.3461538461538,427.1346153846154,3.625454545454545,3.49,0.9285714285714286,uw2
PID403,0.055881777777777766,508.8846153846154,269.0576923076923,3.5463636363636364,3.46,0.9285714285714286,uw2
PID439,0.0579983996342021,370.6785714285714,367.6071428571428,3.653703703703704,3.3,1.0,uw2
PID372,0.21400415721844293,466.6363636363636,275.1363636363636,3.428333333333333,3.28,0.7857142857142857,uw2
PID421,0.07258001828989483,416.1785714285714,342.125,3.2011111111111115,3.62,1.0,uw2
PID390,3.433156828703704,433.28,493.0,2.4982352941176473,3.83,0.8928571428571429,uw2
PID516,0.05930650815424478,451.07142857142856,306.2142857142857,3.625714285714285,3.54,1.0,uw2
PID517,0.023310185185185184,511.8,392.28,3.24,2.8,0.8928571428571429,uw2
PID552,0.1436582222222222,429.23076923076917,405.0961538461538,3.7139285714285712,3.19,0.9285714285714286,uw2
PID321,0.12100550624589085,413.7407407407408,432.18518518518516,3.0481818181818183,3.67,0.9642857142857144,uw2
PID513,0.04461323302469136,449.56,351.44,3.611,3.09,0.8928571428571429,uw2
PID502,0.13001692828562633,463.1,386.2,3.3,2.87,0.7142857142857143,uw2
PID420,0.06667139256458728,336.0416666666667,328.25,3.1568181818181817,2.9,0.8571428571428571,uw2
PID557,0.2938457429322814,391.9259259259259,368.1481481481482,2.7991304347826085,2.86,0.9642857142857144,uw2
PID542,0.06716735253772291,426.5,468.1785714285714,3.165,3.33,1.0,uw2
PID494,0.10343520268851082,411.5,440.75,3.724117647058824,3.86,0.8571428571428571,uw2
PID320,0.12354372123602896,420.2962962962963,393.1296296296296,3.335,3.63,0.9642857142857144,uw2
PID363,0.1808284023668639,435.6428571428572,308.60714285714283,3.775,3.7,0.5,uw2
PID535,0.12173755787037036,384.6,341.88,3.075,2.46,0.8928571428571429,uw2
PID337,0.08948902606310015,411.6428571428572,445.2321428571428,3.455,2.97,1.0,uw2
PID551,0.9403137777777778,414.76923076923083,426.76923076923083,3.4265517241379317,3.37,0.9285714285714286,uw2
PID467,0.018834400243865262,438.6428571428572,266.75,3.7281818181818185,3.5,1.0,uw2
PID427,0.7335634756657484,194.7826086956522,330.0869565217391,2.947272727272727,1.07,0.8214285714285714,uw2
PID305,0.06082114007011126,434.8571428571428,394.2321428571428,3.775,3.92,1.0,uw2
PID370,0.1319311111111111,366.3846153846154,380.67307692307685,3.315,3.9,0.9285714285714286,uw2
PID457,0.05117832388153749,420.91666666666674,336.0416666666667,3.4821739130434786,3.33,0.8571428571428571,uw2
PID499,0.1268894675925926,413.52,440.96,3.946428571428572,3.93,0.8928571428571429,uw2
PID401,0.04730109739368999,436.9285714285714,413.44642857142856,3.57,3.49,1.0,uw2
PID400,0.5668198445358941,421.78571428571433,441.1785714285714,3.0425,3.53,1.0,uw2
PID435,0.08831777777777779,417.23076923076917,457.8076923076923,3.315,3.53,0.9285714285714286,uw2
PID570,0.05214990138067061,403.48148148148147,427.38888888888886,3.3637037037037034,3.01,0.9642857142857144,uw2
PID562,10.595403645833333,298.3333333333333,584.6666666666666,3.88,3.52,0.32142857142857145,uw2
PID306,0.041045953360768175,421.6428571428572,355.71428571428567,3.865,3.87,1.0,uw2
PID398,0.18755982319768327,446.1785714285714,364.6071428571428,3.1300000000000003,3.0,1.0,uw2
PID564,0.048606222222222224,407.3846153846154,415.01923076923083,3.6010344827586205,3.63,0.9285714285714286,uw2
PID374,0.02630086877000457,533.2142857142857,291.48214285714283,3.938,3.8,1.0,uw2
PID338,0.21717333333333333,412.6153846153846,356.07692307692315,3.6955172413793114,3.84,0.9285714285714286,uw2
PID413,0.7793135904499541,378.9130434782609,463.63043478260875,3.3203703703703704,3.13,0.8214285714285714,uw2
PID313,0.05314128943758573,383.96428571428567,323.30357142857144,2.9200000000000004,3.52,1.0,uw2
PID544,0.09005015432098765,452.56,400.36,3.2237037037037037,3.5,0.8928571428571429,uw2
PID504,1.2015783201840893,335.6296296296296,377.9259259259259,2.850714285714286,2.97,0.9642857142857144,uw2
PID465,0.12599200000000002,432.92307692307685,420.3076923076923,3.3903571428571437,3.37,0.9285714285714286,uw2
PID418,0.10865885416666668,396.64705882352933,407.85294117647067,3.78,3.8,0.6071428571428571,uw2
PID569,0.05735253772290809,388.0,321.65,3.1625,3.71,0.35714285714285715,uw2
PID357,0.012224127419600671,445.6428571428572,258.5892857142857,3.16,3.53,1.0,uw2
PID353,0.11122685185185184,401.88,372.12,2.8278571428571437,3.0,0.8928571428571429,uw2
PID488,0.3764583333333333,357.33333333333326,402.0,3.1493333333333333,2.5,0.32142857142857145,uw2
PID411,0.1741499009297363,336.39285714285717,380.5535714285714,3.03,2.0,1.0,uw2
PID356,0.03784903215973175,428.25,292.10714285714283,3.726206896551724,3.59,1.0,uw2
PID455,0.11494212962962964,373.56,368.72,2.605714285714285,2.57,0.8928571428571429,uw2
PID422,0.13675009645061728,478.52,429.14,2.830833333333333,3.08,0.8928571428571429,uw2
PID325,0.1566720012193263,353.32142857142856,413.69642857142856,3.0109523809523813,3.39,1.0,uw2
PID324,0.09775596877869604,460.1739130434783,424.7826086956522,2.625,3.0,0.8214285714285714,uw2
PID560,0.05146547782350251,509.28571428571433,405.16071428571433,3.1557692307692307,3.47,1.0,uw2
PID307,0.02914933837429112,434.16666666666674,322.625,3.458,3.29,0.8571428571428571,uw2
PID469,0.06860289283366207,388.7407407407408,360.0,3.958857142857143,3.94,0.9642857142857144,uw2
PID567,0.15732048374905516,436.3181818181818,433.77272727272725,3.948275862068965,3.91,0.7857142857142857,uw2
PID364,0.2593934240362812,449.3636363636364,315.54545454545456,3.500967741935484,3.47,0.7857142857142857,uw2
PID543,0.15232357872275568,417.1785714285714,361.07142857142856,2.6170588235294114,3.35,1.0,uw2
PID473,0.12400189020381328,410.11111111111114,280.537037037037,3.6627272727272735,3.35,0.9642857142857144,uw2
PID512,0.029265927977839338,436.25,319.475,3.2958823529411765,3.33,0.7142857142857143,uw2
PID474,0.7538510848126232,350.81481481481484,494.22222222222223,3.092333333333334,2.26,0.9642857142857144,uw2
PID458,0.27830744575936883,451.96296296296305,352.3518518518518,3.2149999999999994,2.99,0.9642857142857144,uw2
PID312,0.04832335643772317,390.04166666666674,335.1041666666667,3.2928125,3.76,0.8571428571428571,uw2
PID385,0.1548869986850756,497.88888888888886,434.03703703703695,3.33,3.59,0.9642857142857144,uw2
175,0.21357955555555555,307.34615384615387,295.53846153846155,3.4,3.6,0.8965517241379308,lac1
180,0.031395620748299324,574.3448275862069,353.7758620689655,3.49,3.6,1.0,lac1
216,0.1410671768707483,360.0,372.13793103448273,3.16,3.56,1.0,lac1
211,0.23503401360544215,292.10344827586215,424.0344827586207,3.77,2.78,1.0,lac1
323,0.22408907312925166,365.7241379310345,519.4655172413793,4.0,4.0,1.0,lac1
209,1.5292894857667585,344.30434782608694,560.8913043478261,3.57,3.07,0.7931034482758621,lac1
291,0.25324380165289256,433.3043478260869,460.13043478260875,1.21,2.32,0.7931034482758621,lac1
185,0.11672694830246914,432.2,458.66,3.0,3.38,0.8620689655172413,lac1
304,0.1026364121322969,362.3928571428572,440.6785714285714,3.0,3.41,0.9655172413793104,lac1
311,0.173333714372809,378.25,460.7321428571428,3.21,2.49,0.9655172413793104,lac1
299,1.7201012345679012,300.375,469.6875,3.28,1.7,0.5517241379310345,lac1
264,0.34023431594860165,411.8636363636364,406.27272727272725,2.91,3.4,0.7586206896551724,lac1
337,0.08935586734693879,389.7241379310345,447.86206896551727,3.33,3.74,1.0,lac1
215,0.030682752267573693,424.7241379310345,346.8103448275862,3.79,4.0,1.0,lac1
196,0.10685832952293857,456.46428571428567,316.76785714285717,3.79,3.18,0.9655172413793104,lac1
220,0.06482755555555555,382.1923076923077,463.57692307692315,3.82,3.76,0.8965517241379308,lac1
349,0.10700113378684807,430.75,351.0625,3.44,3.61,0.27586206896551724,lac1
300,0.2513424744897959,413.3793103448277,386.70689655172407,2.96,3.28,1.0,lac1
134,0.32337235996326896,430.08333333333326,497.04166666666674,3.79,3.41,0.4137931034482759,lac1
194,0.11014236111111113,370.5238095238095,451.69047619047615,3.76,3.38,0.7241379310344828,lac1
255,0.6754889875082183,348.5925925925926,434.7037037037037,3.4,3.19,0.9310344827586208,lac1
287,0.22693745890861275,398.9259259259259,442.35185185185196,3.39,3.6,0.9310344827586208,lac1
184,0.209483024691358,397.4,353.58,3.2,3.36,0.8620689655172413,lac1
198,0.15283907312925168,371.2758620689655,321.60344827586215,3.3,2.94,1.0,lac1
104,0.14252353076216712,377.5652173913044,439.3478260869565,3.21,3.3,0.7931034482758621,lac1
265,0.12962195923734385,422.11111111111114,414.83333333333326,3.86,3.28,0.9310344827586208,lac1
152,0.17349722222222222,398.3636363636364,347.04545454545456,3.98,4.0,0.3793103448275862,lac1
236,0.1900954861111111,391.32,410.76,3.29,3.51,0.8620689655172413,lac1
147,0.3246825396825397,394.86666666666673,339.3333333333333,4.0,4.0,0.5172413793103449,lac1
202,0.1732309382086168,300.3793103448276,465.41379310344826,1.95,3.0,1.0,lac1
322,0.19600289590001524,421.8928571428572,424.82142857142856,2.9,3.36,0.9655172413793104,lac1
276,0.1557908002520479,338.2916666666667,362.79166666666674,3.43,3.21,0.8275862068965517,lac1
136,0.07928004535147393,414.06896551724134,432.5,3.23,3.49,1.0,lac1
200,0.4365639348025712,463.9130434782609,366.0,3.71,3.77,0.7931034482758621,lac1
278,0.7720592286501378,266.8333333333333,514.0,2.98,3.56,0.4137931034482759,lac1
308,0.10946444444444443,401.07692307692315,420.6923076923077,3.74,3.39,0.8965517241379308,lac1
288,0.17089332675871138,460.51851851851853,324.5185185185185,3.57,2.6,0.9310344827586208,lac1
116,1.1789515555555556,389.3846153846154,440.96153846153845,2.82,3.2,0.8965517241379308,lac1
301,0.09311720521541952,293.4827586206896,395.20689655172407,4.0,3.77,1.0,lac1
306,0.4339179421768707,330.4827586206896,439.7758620689655,3.56,2.98,1.0,lac1
157,0.07166954306377384,428.6296296296296,323.77777777777777,2.44,3.07,0.9310344827586208,lac1
223,1.775785667324129,421.5,687.5,3.2,1.69,0.4827586206896552,lac1
208,0.4276120256058528,382.46428571428567,539.5535714285714,2.65,3.53,0.9655172413793104,lac1
144,0.10466446995464852,431.2758620689655,352.36206896551727,3.05,2.73,1.0,lac1
347,0.09496315192743764,445.5862068965517,313.44827586206895,3.74,3.74,1.0,lac1
166,0.0647264739229025,357.0344827586207,446.7241379310345,2.0,1.5,1.0,lac1
312,0.2224300733024691,375.08,461.54,3.47,3.29,0.8620689655172413,lac1
279,0.16851757369614512,314.58620689655174,479.36206896551727,3.61,3.49,1.0,lac1
158,0.14168083900226758,391.93103448275866,364.4655172413793,3.66,2.6,1.0,lac1
341,0.1307852564102564,351.6296296296296,408.0555555555555,3.5,3.51,0.9310344827586208,lac1
241,0.2427823691460055,393.5217391304348,376.13043478260875,3.81,3.6,0.7931034482758621,lac1
247,0.2924086326402016,365.91666666666674,501.10416666666674,3.72,3.81,0.8275862068965517,lac1
149,0.16717056932966026,402.6521739130435,365.19565217391306,2.49,2.77,0.7931034482758621,lac1
174,0.1301808984910837,423.4210526315789,368.76315789473676,3.21,4.0,0.6551724137931034,lac1
191,0.09447910102919553,377.83333333333326,395.66666666666674,4.0,4.0,0.8275862068965517,lac1
242,0.044951814058956915,413.6206896551725,420.43103448275866,3.49,3.54,1.0,lac1
190,0.2720114776234568,375.8,400.64,3.79,3.17,0.8620689655172413,lac1
197,0.777560261707989,335.95652173913044,494.13043478260875,1.57,2.67,0.7931034482758621,lac1
145,0.08740596064814815,406.52,358.1,3.72,3.06,0.8620689655172413,lac1
164,0.016258192348727333,387.9285714285714,421.19642857142856,3.26,3.04,0.9655172413793104,lac1
310,0.17852723915050786,398.5,379.6,3.35,3.38,0.6896551724137931,lac1
153,0.03977111678004535,439.55172413793116,366.13793103448273,3.1,3.3,1.0,lac1
295,0.4062570888468809,402.41666666666674,349.25,3.47,3.0,0.8275862068965517,lac1
307,0.151964639536656,399.8928571428572,358.80357142857144,2.67,3.13,0.9655172413793104,lac1
266,0.16565688775510204,360.6896551724138,419.70689655172407,3.07,2.4,1.0,lac1
201,0.21185108977290049,444.28571428571433,318.39285714285717,3.71,3.79,0.9655172413793104,lac1
148,0.4228952991452992,324.6296296296296,371.33333333333326,2.0,2.8,0.9310344827586208,lac1
302,0.13457288888888888,326.5,369.26923076923083,3.25,3.4,0.8965517241379308,lac1
254,0.04093537414965986,443.3793103448277,367.20689655172407,3.8,4.0,1.0,lac1
234,0.9619351111111112,303.42307692307685,545.5576923076924,1.91,2.98,0.8965517241379308,lac1
218,0.10237197073616826,442.1071428571428,424.33928571428567,4.0,4.0,0.9655172413793104,lac1
346,0.08468021262002742,361.4736842105263,395.76315789473676,3.74,3.48,0.6551724137931034,lac1
284,0.7065470679012346,383.32,531.98,3.0,3.6,0.8620689655172413,lac1
280,0.19150123456790125,352.8125,435.71875,2.33,3.5,0.5517241379310345,lac1
109,0.06897675736961452,422.82758620689657,415.70689655172407,3.09,2.6,1.0,lac1
179,0.09026041666666666,447.6551724137931,448.3448275862069,3.07,2.43,1.0,lac1
229,0.2925215290905272,367.79166666666674,560.125,3.0,3.75,0.8275862068965517,lac1
338,0.8600016436554898,388.6428571428572,442.96428571428567,3.29,2.87,0.4827586206896552,lac1
189,0.20726332199546488,379.4827586206897,423.41379310344826,4.0,3.56,1.0,lac1
353,0.06077947845804989,360.86206896551727,452.63793103448273,3.62,3.81,1.0,lac1
176,0.11662519290123455,418.44,381.1,2.5,2.33,0.8620689655172413,lac1
334,0.17109599395313682,388.8181818181818,493.1363636363636,3.21,2.6,0.7586206896551724,lac1
129,0.09008361678004534,411.3103448275862,373.1206896551725,4.0,3.4,1.0,lac1
163,0.2522877692743764,429.86206896551727,437.82758620689657,3.52,3.46,1.0,lac1
343,1.4769787379972563,454.32142857142856,423.82142857142856,3.79,3.5,0.9655172413793104,lac1
183,0.034796981292517015,437.6206896551725,472.9655172413793,3.41,3.19,1.0,lac1
326,1.9321809895833333,399.47058823529403,560.5882352941177,1.94,1.79,0.5862068965517241,lac1
172,0.05276679421768708,443.13793103448273,437.86206896551727,2.91,2.61,1.0,lac1
233,0.2624978298611111,362.9411764705882,496.5882352941177,2.62,2.46,0.5862068965517241,lac1
240,0.05501665249433107,370.44827586206895,404.93103448275866,3.8,3.22,1.0,lac1
305,0.10092592592592592,361.4285714285714,430.91071428571433,3.52,3.26,0.9655172413793104,lac1
297,1.3833861111111112,335.85714285714283,610.6666666666666,3.27,3.03,0.7241379310344828,lac1
282,0.1473373724489796,416.7241379310345,384.2413793103448,2.93,3.57,1.0,lac1
224,0.07754191434232588,345.8928571428572,414.07142857142856,4.0,4.0,0.9655172413793104,lac1
332,0.35533081285444235,359.5,444.1875,3.4,3.69,0.8275862068965517,lac1
171,0.07848620756172839,414.72,496.16,3.77,3.25,0.8620689655172413,lac1
142,0.09644486961451247,373.17241379310343,467.9655172413793,4.0,3.81,1.0,lac1
120,0.15109205913732662,445.6071428571428,316.51785714285717,3.8,4.0,0.9655172413793104,lac1
333,0.13716999540863176,360.60869565217394,419.0869565217391,3.79,4.0,0.7931034482758621,lac1
181,0.09303733333333332,408.1153846153846,328.01923076923083,4.0,4.0,0.8965517241379308,lac1
133,0.6466937777777778,477.92307692307685,370.3461538461538,3.48,3.83,0.8965517241379308,lac1
249,0.32198559670781896,394.1428571428572,539.4821428571429,3.61,3.38,0.9655172413793104,lac1
102,0.1301484552154195,392.6206896551725,416.4827586206897,3.61,3.56,1.0,lac1
292,0.2456575520833333,349.35294117647067,473.9411764705882,3.39,3.8,0.5862068965517241,lac1
167,0.15206533333333333,445.92307692307685,322.09615384615387,4.0,4.0,0.8965517241379308,lac1
168,0.05751665249433105,406.2758620689655,473.0,3.23,3.59,1.0,lac1
119,0.0751342828798186,465.44827586206895,315.32758620689657,2.7,1.97,1.0,lac1
110,0.15046308106575962,392.2413793103448,387.0862068965517,4.0,4.0,1.0,lac1
137,0.08500035430839002,308.9655172413793,334.7931034482759,3.53,2.55,1.0,lac1
329,0.23547210791037956,465.9285714285714,592.5535714285714,2.84,3.12,0.9655172413793104,lac1
357,0.2346937777777777,397.8846153846154,407.8076923076923,4.0,4.0,0.8965517241379308,lac1
124,0.07513831496786041,444.9130434782609,347.39130434782606,4.0,4.0,0.7931034482758621,lac1
125,0.2468966128117914,366.7586206896552,431.67241379310343,3.0,3.2,1.0,lac1
204,1.8734130658436212,393.5789473684209,349.15789473684214,2.15,2.76,0.6551724137931034,lac1
123,0.02063244047619048,439.86206896551727,321.67241379310343,3.46,4.0,1.0,lac1
214,0.2400659198292943,477.4285714285714,346.05357142857144,4.0,4.0,0.9655172413793104,lac1
258,0.12954999237921047,412.53571428571433,361.07142857142856,3.76,3.55,0.9655172413793104,lac1
222,0.16119822485207097,367.4444444444445,405.8148148148149,3.5,3.4,0.9310344827586208,lac1
130,0.060847151360544215,359.17241379310343,330.32758620689657,4.0,3.44,1.0,lac1
303,0.10468360260770976,384.82758620689657,341.0,3.17,3.05,1.0,lac1
170,0.4934856122663306,348.08333333333326,430.39583333333326,2.6,3.08,0.8275862068965517,lac1
281,3.641583333333333,442.09090909090907,580.1818181818181,3.46,3.5,0.3793103448275862,lac1
178,2.0430444444444444,371.7272727272728,451.04545454545456,3.82,3.78,0.3793103448275862,lac1
173,0.03619329388560158,400.18518518518516,344.2037037037037,2.93,3.06,0.9310344827586208,lac1
356,0.15679138321995464,303.75,431.0625,3.22,1.38,0.27586206896551724,lac1
160,0.06237273281511965,372.25,383.21428571428567,4.0,3.82,0.9655172413793104,lac1
309,0.09862795857988166,438.6296296296296,552.2777777777778,2.57,2.4,0.9310344827586208,lac1
313,0.2711924444444445,378.07692307692315,497.0,3.29,2.47,0.8965517241379308,lac1
261,0.19883030990173847,342.45454545454544,468.6136363636364,3.76,3.8,0.7586206896551724,lac1
316,0.17674414600550964,446.13043478260875,383.19565217391306,3.71,2.83,0.7931034482758621,lac1
289,0.2968888888888889,400.71428571428567,526.5238095238095,2.76,3.23,0.7241379310344828,lac1
381,0.4645111111111112,398.0,502.7272727272728,4.0,4.0,0.3793103448275862,lac2
402,0.1257108410493827,427.28,487.52,3.76,3.72,0.8620689655172413,lac2
670,0.2895644718792867,413.1071428571428,407.5178571428572,3.0,3.53,0.9655172413793104,lac2
581,0.4199971236028928,397.96296296296305,411.03703703703695,3.56,4.0,0.9310344827586208,lac2
361,0.2977865961199295,357.72727272727275,451.52272727272725,3.59,3.38,0.7586206896551724,lac2
396,1.2170451388888892,362.09523809523813,415.0238095238095,3.8,3.61,0.7241379310344828,lac2
432,2.7586154513888888,263.52941176470586,533.1470588235294,3.21,3.05,0.5862068965517241,lac2
304,0.15381574621959238,408.11111111111114,354.03703703703695,3.17,3.5,0.9310344827586208,lac2
487,0.5227061728395062,219.875,396.46875,2.78,1.5,0.5517241379310345,lac2
390,1.9887831603229529,283.1111111111111,585.1944444444445,3.81,3.56,0.6206896551724138,lac2
595,0.04408234126984127,408.2758620689655,348.6896551724138,2.49,2.84,1.0,lac2
476,0.1070869532083524,406.75,385.28571428571433,3.52,3.45,0.9655172413793104,lac2
461,0.15355090687395215,424.6785714285714,373.94642857142856,3.81,3.59,0.9655172413793104,lac2
376,0.024228014022252702,455.4285714285714,308.48214285714283,3.48,2.98,0.9655172413793104,lac2
337,0.18824511054421766,367.7586206896552,425.29310344827593,3.57,3.81,1.0,lac2
315,0.4158800672127704,430.125,471.70833333333326,4.0,3.61,0.8275862068965517,lac2
379,0.17365955555555554,343.07692307692315,493.51923076923083,3.07,4.0,0.8965517241379308,lac2
559,0.3767936390532545,370.48148148148147,627.5925925925926,3.57,3.0,0.9310344827586208,lac2
321,0.10691358024691358,357.72,431.52,4.0,3.44,0.8620689655172413,lac2
452,0.028315263605442183,394.82758620689657,342.7586206896552,4.0,4.0,1.0,lac2
394,0.10631944444444444,425.3448275862069,375.17241379310343,3.74,3.81,1.0,lac2
430,0.20974135487528345,301.31034482758616,486.2241379310345,3.58,3.24,1.0,lac2
419,0.0994362261669954,340.0,489.18518518518516,3.56,3.59,0.9310344827586208,lac2
322,0.03998795351473923,447.3793103448277,267.77586206896547,4.0,3.81,1.0,lac2
671,0.03682133333333333,414.6923076923077,424.92307692307685,3.8,4.0,0.8965517241379308,lac2
308,0.4093380177514793,414.33333333333326,467.33333333333326,2.53,2.4,0.9310344827586208,lac2
613,0.1833440413202318,388.4090909090909,398.9318181818182,4.0,4.0,0.7586206896551724,lac2
342,0.10985866666666667,455.6153846153846,434.0961538461538,4.0,4.0,0.8965517241379308,lac2
412,0.1244386574074074,397.92307692307685,374.57692307692315,3.6,4.0,0.4482758620689655,lac2
577,0.11024064429012344,393.72,393.32,3.78,3.81,0.8620689655172413,lac2
306,0.6244173595364072,339.95454545454544,492.45454545454544,3.4,3.5,0.7586206896551724,lac2
293,0.05001191650230112,370.03703703703695,500.33333333333326,4.0,3.76,0.9310344827586208,lac2
551,0.17030576814058954,431.3448275862069,445.63793103448273,4.0,3.42,1.0,lac2
479,0.26705951836610275,408.32142857142856,411.41071428571433,2.86,3.78,0.9655172413793104,lac2
489,0.04213648834019204,481.1785714285714,349.19642857142856,4.0,4.0,0.9655172413793104,lac2
506,0.01875814909297052,411.7241379310345,335.68965517241384,4.0,4.0,1.0,lac2
665,0.10365155555555557,405.3846153846154,442.73076923076917,3.52,3.57,0.8965517241379308,lac2
294,0.04756028163580247,406.76,359.48,4.0,3.55,0.8620689655172413,lac2
617,2.033929166666667,320.95238095238096,471.66666666666674,4.0,3.63,0.7241379310344828,lac2
507,0.11130315500685872,428.3684210526316,361.60526315789474,3.69,3.76,0.6551724137931034,lac2
522,0.08390950520833332,421.35294117647067,453.14705882352933,4.0,3.53,0.5862068965517241,lac2
518,0.6469867651585103,296.95,466.825,4.0,4.0,0.6896551724137931,lac2
653,0.18526113406795225,313.8695652173913,402.0217391304348,2.98,3.28,0.7931034482758621,lac2
541,0.029021109586953205,393.28571428571433,401.83928571428567,4.0,4.0,0.9655172413793104,lac2
483,0.7186507936507937,336.17241379310343,477.06896551724134,3.78,3.8,1.0,lac2
662,0.4892057034845496,457.3703703703704,535.4444444444445,1.7,2.47,0.9310344827586208,lac2
338,0.6452942143326759,366.4074074074074,406.2037037037037,3.7,3.57,0.9310344827586208,lac2
350,0.3475466666666667,406.73076923076917,391.3653846153846,3.74,3.81,0.8965517241379308,lac2
334,0.17185551303854876,315.62068965517244,436.1896551724138,3.2,3.63,1.0,lac2
343,0.7577760631001372,330.89473684210526,551.2105263157895,2.92,3.12,0.6551724137931034,lac2
383,0.12082020583910942,411.83333333333326,459.04166666666674,3.77,3.57,0.8275862068965517,lac2
453,4.255410997732427,283.3333333333333,669.7333333333332,3.6,2.18,0.5172413793103449,lac2
466,0.8066306584362142,349.6315789473685,540.6052631578947,2.65,3.49,0.6551724137931034,lac2
305,1.0688541666666669,346.80952380952385,541.2619047619048,2.37,2.54,0.7241379310344828,lac2
297,0.16386176215277778,253.7647058823529,398.2352941176471,3.0,3.59,0.5862068965517241,lac2
644,2.1962035555555555,415.76923076923083,432.01923076923083,3.17,2.8,0.8965517241379308,lac2
413,0.1976478433165676,413.78571428571433,408.0,3.79,3.0,0.9655172413793104,lac2
473,0.8293919344675488,400.54166666666674,405.79166666666674,3.25,2.49,0.8275862068965517,lac2
454,0.2989785879629629,384.96,369.0,3.12,3.6,0.8620689655172413,lac2
333,0.045117932281393824,402.1481481481482,444.27777777777777,3.79,4.0,0.9310344827586208,lac2
609,0.04941700960219479,421.4736842105263,330.5526315789473,3.77,3.79,0.6551724137931034,lac2
395,0.13413732662703856,338.67857142857144,424.4285714285714,3.4,3.81,0.9655172413793104,lac2
572,2.7628055555555555,347.8571428571428,533.1428571428571,3.8,3.59,0.7241379310344828,lac2
386,0.2993881094104308,422.13793103448273,402.17241379310343,3.22,3.58,1.0,lac2
380,0.0854311933106576,376.5862068965517,473.4827586206897,3.48,3.46,1.0,lac2
563,0.16659693644261545,427.78571428571433,401.07142857142856,4.0,4.0,0.9655172413793104,lac2
378,0.540711111111111,299.09523809523813,414.9523809523809,4.0,4.0,0.7241379310344828,lac2
422,0.06238667052469135,373.88,383.36,3.29,3.28,0.8620689655172413,lac2
360,1.2400378787878787,350.69565217391306,349.36956521739125,3.29,3.39,0.7931034482758621,lac2
586,1.3981224279835391,427.10526315789474,457.31578947368416,3.8,4.0,0.6551724137931034,lac2
303,0.7854043392504931,411.85185185185196,532.1111111111112,3.8,3.46,0.9310344827586208,lac2
463,0.25350139710716635,341.4814814814815,409.53703703703695,3.49,3.6,0.9310344827586208,lac2
615,2.5668927915518824,250.3913043478261,628.0434782608696,3.58,2.55,0.7931034482758621,lac2
631,0.7811370217954581,428.5,477.8571428571428,2.36,2.79,0.9655172413793104,lac2
314,0.17451455570797136,381.21428571428567,446.82142857142856,2.79,3.37,0.9655172413793104,lac2
525,0.9002473958333334,351.2,476.64,3.55,2.6,0.8620689655172413,lac2
427,0.6102494331065761,452.53333333333336,407.06666666666666,4.0,4.0,0.5172413793103449,lac2
26320,0.09625445897740784,382.36666666666673,405.13333333333327,3.4445,3.7778333333333336,1.0,nh
22842,0.1893189324877791,405.3,463.2,3.3334,2.833333333333333,1.0,nh
28327,0.7882382902751522,332.6666666666667,465.16666666666674,3.8333333333333335,3.6666666666666665,0.8,nh
21090,0.19927260487528345,425.10344827586215,396.17241379310343,3.9445,3.9445,0.9666666666666668,nh
14571,0.13660036579789667,440.21428571428567,383.4285714285714,3.333428571428572,3.3335,0.9333333333333332,nh
30453,12.210549886621315,282.625,497.125,3.222,3.611,0.26666666666666666,nh
35416,0.3616008888888889,371.1923076923077,437.4038461538461,3.7223333333333337,3.1666666666666665,0.8666666666666667,nh
93699,0.032278616064624295,334.64285714285717,332.23214285714283,3.4445,3.5556666666666668,0.9333333333333332,nh
29257,0.08668367346938775,369.93103448275866,402.6551724137931,3.6191428571428577,3.8095714285714286,0.9666666666666668,nh
74899,0.09609049479166666,334.5294117647058,365.8823529411765,3.571428571428572,3.5001666666666664,0.5666666666666667,nh
64232,0.2684984410430839,404.3103448275862,401.43103448275866,3.2778333333333336,3.5555,0.9666666666666668,nh
52302,0.08772790328973444,430.03333333333336,469.88333333333327,3.733400000000001,3.611333333333333,1.0,nh
67918,0.050404610912934335,465.7,391.26666666666665,3.8890000000000007,3.888833333333333,1.0,nh
87328,7.2118880208333325,453.66666666666674,479.16666666666674,3.9445,3.889,0.3,nh
21887,0.08094458616780045,460.6896551724138,448.13793103448273,3.611166666666667,3.9445,0.9666666666666668,nh
26272,1.0207802982566687,304.0,544.125,3.9048571428571432,3.4761428571428565,0.8,nh
88185,0.06945468357775135,420.9333333333333,377.4666666666666,3.722333333333333,3.9445,1.0,nh
77036,0.023043004359889024,474.8,326.06666666666666,3.3334999999999995,3.2,1.0,nh
11002,0.19288052721088436,371.55172413793116,408.9655172413793,3.9048571428571432,3.952428571428572,0.9666666666666668,nh
86440,0.09237847222222223,368.04,384.64,3.7778333333333336,3.8002,0.8333333333333334,nh
84390,0.132108270577355,327.6666666666667,476.83333333333326,3.2778333333333336,3.2221666666666664,1.0,nh
65656,0.1697424173144338,311.60714285714283,376.44642857142856,3.5238571428571435,3.238142857142857,0.9333333333333332,nh
83612,0.4107514487276392,382.6818181818182,359.0,3.761857142857143,3.9445,0.7333333333333333,nh
35344,0.12576140873015873,404.3793103448277,340.58620689655174,4.0,3.8333333333333335,0.9666666666666668,nh
57359,0.03941751700680272,446.7241379310345,320.39655172413785,3.8571428571428568,4.0,0.9666666666666668,nh
93485,0.06156031179812393,419.26666666666665,328.43333333333334,3.888833333333333,3.6666666666666665,1.0,nh
51437,0.2967986111111111,340.8095238095238,446.09523809523813,3.7144285714285714,3.762,0.7,nh
30152,0.9093902777777778,324.09523809523813,482.2619047619048,3.389,3.733400000000001,0.7,nh
67993,2.0197506172839508,373.5625,426.21875,3.6666666666666665,3.6666666666666665,0.5333333333333333,nh
42137,0.03356538637402835,359.5,338.19642857142856,3.5556666666666668,3.666714285714286,0.9333333333333332,nh
17020,0.20935185185185184,429.6071428571428,425.33928571428567,3.1666666666666665,3.5,0.9333333333333332,nh
62246,0.08419375082573656,437.2,327.4,3.7778333333333336,3.8335,1.0,nh
44872,0.26165895061728395,318.14285714285717,372.9285714285714,3.9445,3.8335,0.2333333333333333,nh
92566,0.16134245562130178,327.5185185185185,362.2037037037037,3.6666,3.8095714285714286,0.9,nh
39146,0.022459990855052587,422.5,339.375,3.761857142857143,3.7144285714285714,0.9333333333333332,nh
24883,0.1115391156462585,399.6896551724138,404.82758620689657,4.0,3.889,0.9666666666666668,nh
83566,0.039238340599815034,454.66666666666674,408.48333333333335,3.5556666666666668,3.5555,1.0,nh
45963,0.5678524444444445,377.0384615384616,368.82692307692315,3.666714285714286,3.952428571428572,0.8666666666666667,nh
46418,0.1430349794238683,375.73684210526324,376.5,3.666571428571428,3.875,0.6333333333333333,nh
17308,0.06221891927599419,412.5,353.05,3.761857142857143,3.7144285714285714,1.0,nh
89652,0.8872733410493828,419.4,393.66,3.762000000000001,3.952428571428572,0.8333333333333334,nh
21932,0.17798850574712646,357.4333333333333,394.45,3.9445,4.0,1.0,nh
99978,0.09132511337868482,383.44827586206895,407.93103448275866,3.7221666666666655,3.611333333333333,0.9666666666666668,nh
38815,0.17834894806048654,333.07407407407413,373.0740740740741,3.778,3.611166666666667,0.9,nh
67709,1.160884268010922,405.20833333333326,504.5,3.5334000000000003,3.625,0.8,nh
69057,0.2501099881093936,316.76666666666665,386.38333333333327,3.2221666666666664,3.0001666666666664,1.0,nh
18707,0.05227407847800238,419.9,310.9,2.9334,3.2778333333333336,1.0,nh
36552,0.0761286167261197,389.36666666666673,350.15,3.7144285714285714,3.6666666666666665,1.0,nh
38293,0.13769416099773246,341.5172413793104,394.43103448275866,3.5555,2.9445,0.9666666666666668,nh
31294,0.011592745008382869,411.6428571428572,349.69642857142856,3.9445,3.888833333333333,0.9333333333333332,nh
75149,1.1034576388888888,300.8095238095238,518.7619047619048,3.111166666666667,3.1665000000000005,0.7,nh
43794,0.9191806377383299,352.6296296296296,380.51851851851853,3.889,3.889,0.9,nh
97990,2.3166555555555552,318.125,580.78125,3.611166666666667,3.4445,0.5333333333333333,nh
98700,0.1279265873015873,427.55172413793116,314.5,3.8335,3.7221666666666655,0.9666666666666668,nh
96613,0.015711019661636946,468.6428571428572,410.46428571428567,3.6666666666666665,3.666833333333333,0.9333333333333332,nh
72885,0.08340566785572731,356.83333333333326,414.41666666666674,3.3334,3.2665999999999995,1.0,nh
62617,0.05031113753468093,465.0,333.2,3.7778333333333336,3.7221666666666655,1.0,nh
94455,0.10026266666666668,275.84615384615387,382.0961538461538,3.0556666666666668,3.333333333333333,0.8666666666666667,nh
17932,0.12716965663580249,415.36,417.06,3.8333333333333335,3.8333333333333335,0.8333333333333334,nh
48154,0.03953977646285338,462.33333333333326,344.0,3.571571428571428,3.6191428571428568,0.9,nh
85503,0.1978355555555556,349.3076923076923,393.0576923076923,3.611166666666667,3.2223333333333337,0.8666666666666667,nh
37404,0.0937137818090199,383.6818181818182,354.65909090909093,3.8333333333333335,3.8333333333333335,0.7333333333333333,nh
83005,0.08069725194873828,423.73333333333335,324.3833333333333,3.8335,3.9445,1.0,nh
94641,0.2648086734693877,359.79310344827593,327.3793103448276,3.8002,3.6666666666666665,0.9666666666666668,nh
26858,0.023841987052450785,397.76666666666665,318.28333333333336,3.5,3.6666666666666665,1.0,nh
44927,0.08330525829039502,384.0,374.2,3.8097142857142856,3.8095714285714286,1.0,nh
33740,1.9034602864583332,419.5882352941177,497.2647058823529,3.428428571428572,3.5334000000000003,0.5666666666666667,nh
82986,0.15030505952380951,272.5862068965517,390.10344827586215,3.5334000000000003,3.1666666666666665,0.9666666666666668,nh
95559,0.10336041749240324,351.5,394.53333333333336,3.111166666666667,3.166833333333333,1.0,nh
73158,0.03439787290262915,415.03333333333336,287.1166666666667,3.952428571428572,3.9048571428571432,1.0,nh
88882,0.031592616213151924,332.27586206896547,377.10344827586215,3.9445,3.9445,0.9666666666666668,nh
66815,0.05181547619047619,408.17241379310343,371.6551724137931,3.9445,3.8333333333333335,0.9666666666666668,nh
36875,0.6275892669607225,407.16666666666674,372.85416666666674,3.4445,3.7223333333333337,0.8,nh
28653,0.1354407596371882,413.6206896551725,341.3793103448276,3.888833333333333,3.722333333333333,0.9666666666666668,nh
13486,0.08605000660589246,401.9666666666666,454.45,3.2776666666666667,3.611166666666667,1.0,nh
47142,0.12257963725041915,407.6785714285714,335.9107142857143,3.761857142857143,3.8333333333333335,0.9333333333333332,nh
67574,0.1035553840877915,358.9473684210526,369.1315789473685,3.6666666666666665,3.4445,0.6333333333333333,nh
22138,0.16157220240454484,427.8,337.1,3.666714285714286,3.91675,1.0,nh
92038,0.2332986111111111,420.2758620689655,425.7241379310345,3.7778333333333336,4.0,0.9666666666666668,nh
97448,0.10529336734693877,367.79310344827593,398.86206896551727,3.889,3.611166666666667,0.9666666666666668,nh
77711,0.06116296736689127,427.36666666666673,398.38333333333327,3.9445,3.888833333333333,1.0,nh
47024,0.5020555555555556,390.5238095238095,428.83333333333326,3.8890000000000007,3.6666666666666665,0.7,nh
89607,0.4862684911242603,325.4444444444445,477.8148148148149,3.2776666666666663,2.722166666666667,0.9,nh
63347,0.09272037981859413,408.3793103448277,443.79310344827593,3.952428571428572,3.9048571428571432,0.9666666666666668,nh
15134,0.15963681132656202,350.95,362.025,3.6666,3.5555,0.6666666666666666,nh
36574,0.07958412098298677,483.33333333333326,400.39583333333326,3.7142857142857135,3.8668,0.8,nh
59207,0.1663439262307575,481.3571428571428,386.91071428571433,3.389,3.5556666666666668,0.9333333333333332,nh
33657,0.06594431232659533,353.16666666666674,352.95,3.4001999999999994,3.0555,1.0,nh
25197,0.11924758884925353,377.9666666666666,383.8,3.9445,3.888833333333333,1.0,nh
14847,0.13181265688994584,456.56666666666666,385.4333333333333,3.333166666666667,3.666833333333333,1.0,nh
50766,0.12900444444444445,415.07692307692315,390.21153846153845,3.8333333333333335,4.0,0.8666666666666667,nh
91551,0.1606130925163847,260.57142857142856,390.69642857142856,3.8572857142857138,3.9445,0.9333333333333332,nh
23270,0.06298221371882086,449.0344827586207,305.31034482758616,3.9445,3.904714285714285,0.9666666666666668,nh
70492,0.10432815581854044,299.07407407407413,435.51851851851853,3.4445,3.5556666666666668,0.9,nh
49790,0.08002869897959182,351.3448275862069,403.20689655172407,3.611333333333333,3.5,0.9666666666666668,nh
38610,0.17837990487514865,379.26666666666665,374.95,3.888833333333333,3.6666666666666665,1.0,nh
44873,0.14070365646258506,364.2758620689655,381.44827586206895,3.333333333333333,3.778,0.9666666666666668,nh
36117,0.05231540532879818,413.6551724137931,331.62068965517244,3.571428571428572,3.7778333333333336,0.9666666666666668,nh
46365,0.05747164694280079,398.4074074074074,371.77777777777777,4.0,4.0,0.9,nh
93002,0.11911511111111113,391.07692307692315,343.75,3.3808571428571423,3.7144285714285714,0.8666666666666667,nh
98462,0.23807725694444445,360.76,389.42,3.3890000000000007,3.388833333333333,0.8333333333333334,nh
79607,0.6451660092044708,340.1111111111111,404.0555555555555,3.833375,3.904714285714285,0.9,nh
29885,0.04440830498866213,393.41379310344826,361.3448275862069,3.111166666666667,3.5001666666666664,0.9666666666666668,nh
49497,0.08474277210884354,348.4827586206896,346.67241379310343,3.7221666666666655,3.7778333333333336,0.9666666666666668,nh
19245,0.7389204223356008,279.17241379310343,471.55172413793116,3.7776666666666663,3.9445,0.9666666666666668,nh
57443,0.2719124371284865,401.8571428571428,367.3035714285714,3.2778333333333336,3.611166666666667,0.9333333333333332,nh
63138,0.0752859268707483,441.5862068965517,372.6551724137931,3.9445,3.91675,0.9666666666666668,nh
27306,0.2159156378600823,374.10526315789474,394.10526315789474,3.0666,3.4668,0.6333333333333333,nh
19735,0.11644933280486194,381.83333333333326,372.55,3.5555,3.733400000000001,1.0,nh
92412,0.04474005813185361,443.7,338.55,4.0,4.0,1.0,nh
22688,0.1195537719645924,393.4666666666666,346.28333333333336,3.888833333333333,3.9445,1.0,nh
47810,0.04649490466798159,437.33333333333326,367.35185185185196,3.6191428571428577,3.611166666666667,0.9,nh
36038,0.11658977777777778,368.96153846153845,321.98076923076917,3.4445,3.666714285714286,0.8666666666666667,nh
14737,0.22237822222222225,306.0,460.1346153846154,3.666833333333333,3.7778333333333336,0.8666666666666667,nh
99733,0.28543926692965155,324.3333333333333,344.81481481481484,3.3334999999999995,3.2221666666666664,0.9,nh
80177,0.16225625000000002,357.8571428571428,355.09523809523813,3.7778333333333336,3.889,0.7,nh
71985,0.19239480604865225,376.9259259259259,364.68518518518516,3.6666666666666665,3.5556666666666668,0.9,nh
35824,0.2254811507936508,395.93103448275866,424.7758620689655,3.388833333333333,3.5,0.9666666666666668,nh
72806,0.04461323302469136,467.68,343.42,3.778,3.9445,0.8333333333333334,nh
63419,1.1290717455621302,330.5185185185185,491.27777777777777,3.291625,3.333285714285714,0.9,nh
63904,0.06716506630086877,336.92857142857144,323.07142857142856,3.611333333333333,3.8571428571428568,0.9333333333333332,nh
72348,0.010197516184436515,485.4333333333333,275.05,3.888833333333333,3.6666666666666665,1.0,nh
83536,0.04672314704716607,452.7,368.98333333333335,3.8333333333333335,3.5556666666666668,1.0,nh
59097,0.04023186682520808,445.4333333333333,410.55,3.7221666666666655,3.733400000000001,1.0,nh
79352,0.17430422191739062,306.32142857142856,432.6785714285714,3.7223333333333337,3.5556666666666668,0.9333333333333332,nh
23518,0.1861728395061729,372.12,457.86,3.1336,3.4445,0.8333333333333334,nh
34062,0.2344637345679013,375.0,340.16,3.5,3.5556666666666668,0.8333333333333334,nh
34467,0.12721261053440985,410.77777777777777,281.6666666666667,4.0,3.952428571428572,0.6,nh
14279,0.07641333069097635,427.33333333333326,337.8666666666667,3.7778333333333336,3.7221666666666655,1.0,nh
92515,0.1223533950617284,398.7894736842105,437.4210526315789,4.0,4.0,0.6333333333333333,nh
64296,0.060683379574580525,347.9,322.48333333333335,3.5,3.444333333333333,1.0,nh
92552,0.4888201388888889,342.38095238095235,544.7380952380952,3.5001666666666664,3.1334,0.7,nh
36501,0.0490427276234568,438.88,376.34,3.5556666666666668,3.611333333333333,0.8333333333333334,nh
67106,0.07207094728497819,398.1,317.0,3.888833333333333,4.0,1.0,nh
51723,0.265968809073724,273.9166666666667,455.75,2.8002,3.4668,0.8,nh
84011,0.10250496031746033,375.06896551724134,342.6379310344828,3.8571428571428568,4.0,0.9666666666666668,nh
51475,2.4655456936226168,316.7857142857143,437.25,3.6666666666666665,3.7776666666666654,0.4666666666666667,nh
81807,0.09907451446690448,366.7,408.25,3.8333333333333335,3.666833333333333,1.0,nh
95543,0.06321938168846611,363.2,438.36666666666673,3.8335,3.9445,1.0,nh
33785,0.06926020408163265,412.93103448275866,335.93103448275866,3.5556666666666668,3.4445,0.9666666666666668,nh
10237,0.05958809632677945,427.8571428571428,309.55357142857144,3.111,3.333166666666667,0.9333333333333332,nh
25548,0.0551828231292517,426.0344827586207,351.13793103448273,3.9445,3.8890000000000007,0.9666666666666668,nh
49086,0.09244748315497422,464.73333333333335,422.7,3.7778333333333336,3.889,1.0,nh
22408,0.023949777777777775,383.92307692307685,402.5576923076923,3.7778333333333336,3.888833333333333,0.8666666666666667,nh
79897,0.07921753203857843,384.2,369.48333333333335,3.7221666666666655,3.722333333333333,1.0,nh
49539,0.15835591262339846,390.75,406.60416666666674,3.1665000000000005,3.611,0.8,nh
79167,0.3180431547619048,390.93103448275866,352.7586206896552,3.5,3.8572857142857138,0.9666666666666668,nh
